house_id;status;address;zip_code;neighborhood_name;year;price(€);size_m2;living_area_m2;num_of_rooms;num_of_bedrooms;num_of_bathrooms;energy_label;url;description;ownership;insulation;parking;exteriors;created_at;viewing
43429572;Available;Willem Buytewechstraat 169 B;3024;Delfshaven;1927;275000;78;78;3;2;2;G;https://www.funda.nl/en/koop/rotterdam/appartement-43429572-willem-buytewechstraat-169-b/;Ruime praktische bovenwoning  met  3-kamers, ruime  kelder berging  en balkon. Deze woning  is  gelegen op een leuke en levendige  locatie met alle gemakken van  de  grote stad!  De Willem  Buytewechstraat  loopt  vanaf de grote rotonde bij de Euromast naar Historisch Delfshaven en is een straat met voornamelijk woningen en wat lokale winkels en horecagelegenheden. Daarnaast is het centrum van Rotterdam op 10 minuten fietsafstand en is de ligging ten opzichte van uitvalswegen (A4, A13, A20), openbaar vervoer (tram voor de deur, metro, bus), (basis)scholen en winkels uitstekend.  Ook een groot pluspunt is dat het prachtige Rotterdamse stadspark bij de Euromast om de hoek gelegen is. Hier vindt u horeca, natuur, waterpartijen en mooi aangelegde grasvelden. Het is daar heerlijk recreëren op mooie zonnige dagen.  De woning is gelegen op de eerste verdieping en beschikt tevens over een praktische kelderbeging.  De woning is voorzien van dubbel glas en een ruim balkon. De vve is actief.   Kortom een leuke woning op een centrale locatie.  Indeling Begane grond: Voordeur met eigen trapopgang. Trap naar de berging in het souterrain van 4.05 x 2.73m.  Eerste verdieping: Voordeur met toegang tot de hal. De hal biedt toegang tot de woonkamer, eetkamer, keuken, slaapkamers, badkamer en het toilet.  De ruime woonkamer van 7.50 x 3.45m  is gelegen aan de voorzijde, heeft strakke wanden en een grote raampartij waardoor er veel lichtinval is. Tevens is er nog fraaie een originele schouw aanwezig. De hoofdslaapkamer aan de achterzijde van 4.83 x 3.45m is voorzien van een vaste kastenwand. Aan de voorzijde bevindt zich een zijkamer van 2.66 x 2.56m.  De keuken van 2.97 x 2.63m is via de hal te bereiken, is ruim, heeft een rechte opstelling met een doelmatige opstelling.  Aan de achterzijde bevindt zich een ruime balkon gelegen op het noordoosten.   De nette badkamer van 2.06 x 1.71m is grotendeels betegeld met witte wandtegels. De badkamer beschikt over een douche, toilet en een wastafel met mengkraan.  Bijzonderheden: - Volle eigendom - De Vereniging van Eigenaren is actief de bijdrage is Euro 75 per maand - Verwarming via een gashaard en warm water via een boiler.  - Ruime kelder berging van 4.05 x 2.73m - Verkoper heeft de woning zelf niet bewoond.  Na het zien van de woning kunt u bij interesse via de woningpagina op onze site een bod uitbrengen. Dit is een tool om u als kijker een handje te helpen om een bod te formuleren (uw bod is niet zichtbaar op de site en komt direct in de inbox van Van Kleef NVM Makelaars).  Wilt u eerst een preview van deze woning? Dat kan! Op Funda staat een video om een eerste indruk te krijgen (geen slideshow).  Van Kleef NVM Makelaars is de NVM-makelaar van de verkoper. Wij adviseren u uw eigen NVM-makelaar in te schakelen om uw belangen te behartigen bij de aankoop van dit object. Deze informatie is door ons met de nodige zorgvuldigheid samengesteld. Onzerzijds wordt echter geen enkele aansprakelijkheid aanvaard voor enige onvolledigheid, onjuistheid of anderszins, dan wel de gevolgen daarvan. Alle opgegeven maten en oppervlakten zijn indicatief.;na;Double glazing; Type of parking facilities Paid parking, public parking and resident's parking permits; Location In residential district Balcony/roof garden Balcony present;2024-03-24 16:41:45.374879;FALSE
43429578;Available;Brigantijnstraat 7 b;3028;Oud Mathenesse;1950;259500;52;52;3;2;2;C;https://www.funda.nl/en/koop/rotterdam/appartement-43429578-brigantijnstraat-7-b/;"Hip en turnkey  drie  kamer appartement  met keukeneiland,  vrij uitzicht en luxe  badkamer!   Deze woning is geheel  verbouwd en  is  voorzien van een  unieke  indeling en van  alle luxe!   De woning is gelegen op de tweede woonlaag in een ruim opgezette straat, met groen en voldoende parkeerruimte voor de deur. Het appartementencomplex is ook extern goed onderhouden en beschikt over verzorgd trappenhuis.  Kortom een heerlijke woning op een rustige locatie, die direct te betrekken is.  De Buurt: Leuke wijk met alle voorzieningen vlakbij. Het centrum van Rotterdam bevindt zich op fietsafstand. Metrostation Marconiplein is op loopafstand. Aan de andere zijde bevindt zich metro- en treinstation Schiedam. Het gezellige centrum van Schiedam bevindt zich ook op loopafstand. De afgelopen jaren is dit compleet herontwikkeld. Langs de historische grachten vindt u leuke cafés en restaurants. De dagelijkse voorzieningen bevinden zich op drie minuten lopen. Op de Franselaan vindt u alles wat u nodig heeft: een lekkere bakker, slager, cafetaria en pizzeria. Achter de woning vindt u een supermarkt. Met de tram op de dijk gaat u gemakkelijk alle kanten op en ook de ring bevindt zich op enkele autominuten.  Tweede woonlaag: De woning is intern geheel gerenoveerd met uitsluitend A klasse materialen en voorzien van dubbele beglazing, alsook centrale verwarming. Royale woonkamer van 6.81 x 3.52m met grote raampartij aan de achterzijde! De luxe open keuken met eiland beschikt over diverse inbouwapparatuur zoals een inductie kookplaat, een vaatwasser, combi-oven, afzuigkap en koel/vriescombinatie.  Slaapkamer I ca. 4.18 x 2.44m met een fraaie luxe kastenwand aan de voorzijde. Slaapkamer II ca. 2.96 x 2.09m eveneens aan de voorzijde met toegang tot een ruim balkon 2.96 x 0.91m. Tot slot beschikt de woning over een chique badkamer 2.05 x 1.88m met een ligbad, een wastafel, toilet en tweede balkon ca. 1.68 x 1.07m.  Aparte luxe toiletruimte en een afgesloten ruimte voor de wasmachine en droger op de gang.  Berging: 4.41 x 1.58m.  Zoekt u een betaalbaar “turn key” appartement in een leuke wijk op de rand van Rotterdam, dan is deze woning zeker de moeite van het bezoeken waard!  Bijzonderheden: - turn key woning; - tevens is de woning recent geschilderd en voorzien van een nieuwe laminaat vloer; - gelegen op eigen grond; - verwarming via cv ketel ca 2016; - berging 4.38 x 1.61m; - zeer actieve Vereniging van Eigenaren, bijdrage V.v.E. € 110,32 per maand; - inboedel ter overname - verkoper heeft de woning niet bewoond; - projectnotaris van toepassing Govers Spil Notarissen; - geheel voorzien van dubbelglas.  Na het zien van de woning kunt u bij interesse via de woningpagina op onze site een bod uitbrengen. Dit is een tool om u als kijker een handje te helpen om een bod te formuleren (uw bod is niet zichtbaar op de site en komt direct in de inbox van Van Kleef NVM Makelaars).  Wilt u eerst een preview van deze woning? Dat kan! Op Funda staat een video om een eerste indruk te krijgen (geen slideshow).  Van Kleef NVM Makelaars is de NVM-makelaar van de verkoper. Wij adviseren u uw eigen NVM-makelaar in te schakelen om uw belangen te behartigen bij de aankoop van dit object. Deze informatie is door ons met de nodige zorgvuldigheid samengesteld. Onzerzijds wordt echter geen enkele aansprakelijkheid aanvaard voor enige onvolledigheid, onjuistheid of anderszins, dan wel de gevolgen daarvan. Alle opgegeven maten en oppervlakten zijn indicatief.";na;Double glazing; Type of parking facilities Paid parking, public parking and resident's parking permits; Location In residential district Balcony/roof garden Balcony present;2024-03-24 16:41:45.374879;FALSE
43428152;Beschikbaar;Herman Robbersstraat 60 D;3031;Rubroek;1941;319000;57;57;2;1;1;B;https://www.funda.nl/en/koop/rotterdam/appartement-43428152-herman-robbersstraat-60-d/;"Wat een leuke  locatie  is dit!  Met uitzicht  op de Goudsesingel en  toch  ook heerlijk in de rust van  Rotterdam Rubroek is dit fijne  appartement  te vinden. Welkom op de  Herman  Robbersstraat  60D! - Energielabel B - Schoon complex met een lift - De perfecte locatie in het drukke stadscentrum  In het gezellige Rotterdam Rubroek ligt dit appartement op de 3e etage van een ruim en schoon complex. Op steenworp afstand van de Meent, de Markthal en al de stadse drukte daaromheen is dit appartement op een gunstige locatie gelegen. De wijk is ruim van opzet en er zijn veel grote groene plantsoenen tussen de complexen te vinden. De wijk is kindvriendelijk en er zijn talloze mogelijkheden om te wandelen langs de Kralingse Plas en in het Kralingse Bos, sporten, winkelen en gebruik te maken van alle noodzakelijke voorzieningen. De Meent, Goudsesingel, Pannekoekstraat en de Mariniersweg zijn allemaal binnen handbereik te vinden. Wil je ook de gezellige binnenstad van Rotterdam ontdekken? Maak en afspraak en kom het zelf bekijken!  De indeling is als volgt: Via het gesloten portiek (met videofoon) is met de trap op met de lift de 3e verdieping te bereiken. De entree in het appartement is in het tochtportaal, hierna volgt de hal. Direct aan de rechterzijde is de keuken aanwezig. De keuken is in een hoekopstelling voorzien van (inbouw)apparatuur. Denk hierbij aan een oven, keramische kookplaat, afzuigkap, koelkast, spoelbak en de witgoedaansluiting. Na de keuken volgt de meterkast met daarnaast de badkamer. De badkamer heeft een moderne afwerking en is voorzien van een toilet, wastafel met meubel en een fijne inloopdouche. En dan de woonkamer. Een royale en lichte ruimte welke voorzien is van veel natuurlijk lichtinval. Hier is een mooie verdeling mogelijk tussen een eetgedeelte en een fijne zithoek. Aan de achterzijde is de slaapkamer aanwezig. Deze kamer geeft net als de woonkamer toegang naar het balkon. Een lekkere buitenruimte met zicht op de gezellig drukke Goudsesingel. Op de bovenste etage van het complex bevindt zich nog een extra grote bergruimte. Kortom; een gaaf appartement op een waanzinnige locatie!  In de wijk is het betaald parkeren, parkeervergunningen zijn aan te vragen bij de gemeente Rotterdam. De woning is rondom voorzien van kunststof/aluminium kozijnen met daarin dubbel glas. Verder is er bij het gebouw ook een gezamenlijke fietsenstalling aanwezig.   Bijzonderheden: - Bouwjaar: 1941 - Gebruiksoppervlakte wonen: 57 m2 - Inhoud: 189 m3 - Berging: 12 m2 - Volledig eigendom - Fijn balkon op een perfecte locatie - Verwarming/warm water: Blokverwarming - Kunststof/aluminium kozijnen met dubbel glas - Energielabel: B - VVE, maandelijkse bijdrage: €161,- | Stookkosten €60,- - Asbest/-ouderdomsclausule van toepassing - Oplevering: in onderling overleg  Deze presentatie is met zorg samengesteld. Desondanks kunnen aan deze presentatie geen rechten worden ontleend. Daarnaast aanvaardt de makelaar of zijn opdrachtgever geen aansprakelijkheid voor de in de presentatie verstrekte informatie. Mocht de presentatie vragen oproepen, dan nodigen wij u van harte uit deze onder onze aandacht te brengen.  In diverse wijken is er sprake van een opkoopbescherming. De opkoopbescherming houdt in een verbod om, na het aankopen van een woning vanaf 1 januari 2022, deze te verhuren zonder vergunning, tenzij aan bepaalde voorwaarden is voldaan. Meer informatie hierover is terug te vinden op de website van de Gemeente Rotterdam (verstrekte informatie moet beschouwd worden als een uitnodiging tot het doen van een bod of om in onderhandeling te treden).  Koopovereenkomst pas rechtsgeldig na ondertekening: Een mondelinge overeenstemming tussen de particuliere verkoper en de particuliere koper is niet rechtsgeldig. Met andere woorden: er is geen koop. Er is pas sprake van een rechtsgeldige koop als de particuliere verkoper en de particuliere koper de koopovereenkomst hebben ondertekend. Dit vloeit voort uit artikel 7:2 Burgerlijk Wetboek. Een bevestiging van de mondelinge overeenstemming per e-mail of een toegestuurd concept van de koopovereenkomst wordt overigens niet gezien als een 'ondertekende koopovereenkomst'.  Toelichtingsclausule NEN2580: De Meetinstructie is gebaseerd op de NEN2580. De Meetinstructie is bedoeld om een meer eenduidige manier van meten toe te passen voor het geven van een indicatie van de gebruiksoppervlakte. De Meetinstructie sluit verschillen in meetuitkomsten niet volledig uit, door bijvoorbeeld interpretatieverschillen, afrondingen of beperkingen bij het uitvoeren van de meting.";Volle eigendom;Dubbel glas; Soort parkeergelegenheid Betaald parkeren en parkeervergunningen; Ligging In centrum en vrij uitzicht Balkon/dakterras Balkon aanwezig;2024-03-24 16:41:45.374879;FALSE
43428000;Available;Marie van Eijsden-Vinkstraat 13;3066;Prinsenland;1994;490000;116;116;2;1;2;C;https://www.funda.nl/en/koop/rotterdam/appartement-43428000-marie-van-eijsden-vinkstraat-13/;"*** NU IN  VERKOOP  *** PRACHTIG  AAN HET  WATER GELEGEN, LUXE APPARTEMENT  IN  PRINSENLAND, ROTTERDAM. DIT LUXE  APPARTEMENT TELT EEN RIANTE  LIVING, FRAAIE KEUKEN,  1  (2) SLAAPKAMER (S),  RUIME BADKAMER  EN  EEN  GROOT BALKON OP HET ZUIDWESTEN. BIJ DIT APPARTEMENT BEHOORT OOK NOG EEN INPANDIGE GARAGEBOX. DIT ALLES IS GESITUEERD IN EEN KLEINSCHALIG, LUXE COMPLEX, OP EEN CENTRALE, DOCH RUSTIGE LOCATIE.  RUIM: Met een woonoppervlakte van 116m² mogen we hier wel spreken van een ruim appartement. Ook het balkon is met 14m² ruim bemeten. De living is van groot formaat (51m²), evenals de keuken (14m²) en de slaapkamer (24m²). Deze slaapkamer is middels een harmonicadeur op te delen in 2 kamers. Daarnaast meet de inpandige garagebox ook nog eens 15m². Al met al een riant appartement met zowel binnen, als buiten veel ruimte!  LIGGING: Het kleinschalige complex aan de Marie van Eijsden-Vinkstraat is aan de achterzijde direct gelegen aan het water. In de directe nabijheid bevindt zich het prachtige Prinsenpark en zowel winkelcentrum Prinsenland als Lage Land is binnen enkele minuten bereikbaar. Het nabij gelegen Kralingse bos en het park vormen een ideale uitvalbasis voor sport en recreatie. Per bus of metro (Kralingse zoom) is het centrum van Rotterdam met O.V. bereikbaar en ook uitvalswegen A16 en A20 liggen praktisch om de hoek. Kortom een zeer centrale, maar toch rustige locatie.  SPECIFICATIES: -Bouwjaar: 1994 -Erfpacht grond, waarvan de canon is afgekocht tot 2044 -Woon oppervlak: 116m² -Balkon: 14m² -Garagebox: 15m² -Inhoud: 384m³ -Isolatie: dubbel glas -Verwarming / warm water: C.V. combiketel Excellent d.d. 2007 -Airconditioning in living en slaapkamer -Mechanische ventilatie d.d. 2021 -Energielabel: C -Goed functionerende V.v.E aanwezig met maandelijkse bijdrage van € 301,00  -Oplevering in overleg  KORTE TOUR: Begane grond: statige, afgesloten entree met videofoon, brievenbussen, lift en binnendoor naar de inpandige garageboxen.  Tweede etage: entree, ruime hal met toegang; meterkast / garderobe kast, vergroot toilet voorzien van wandcloset en fontein en stookruimte. Vanuit de hal zijn tevens de living, slaapkamer (s) en badkamer bereikbaar. De licht overgoten living is voorzien van een prachtige parketvloer en is opgedeeld in een ruime woonkamer met sfeerhaard en een aangrenzende eetkamer. Middels een schuifpui is er vanuit de woonkamer toegang tot het balkon. Dit balkon is gelegen op het westen en is keurig betegeld, plus voorzien van elektrische zonwering. Hiervandaan heb je heerlijk vrij uitzicht over het voorgelegen water en de omgeving. In de half open keuken is plaats gemaakt voor een keuken in U opstelling met daarin veel kastruimte en de benodigde inbouw apparatuur. Zo beschik je hier over 1,5 spoelbak met mengkraan, een vaatwasser, inductie kookplaat met afzuigkap, combi oven, koelkast en vriezer. In de keuken is gekozen voor plavuizen. In de keuken is airconditioning aanwezig voor verkoeling / verwarming van zowel keuken als living. De slaapkamer is van aanzienlijke afmeting, maar kan ook middels een harmonica deur opgedeeld worden in 2 aparte ruimtes. Ook hier is airconditioning aanwezig. De slaapkamer is, net als de hal, voorzien van tapijt. De badkamer is geheel luxe betegeld en voorzien van een wastafelmeubel met veel kastruimte en een ruime inloopdouche. In de badkamer is tevens in een inpandige schuifwanden kast gecreëerd voor de was apparatuur, zodat deze keurig uit het zicht is weg gewerkt. Tenslotte de inpandige garagebox op de begane grond; deze is voorzien van elektra, plus een praktische kastenwand met werkblad voor extra opbergruimte.  INTERESSE? MAAK DAN SNEL EEN AFSPRAAK! Ons advies is om bij het kopen van je nieuwe huis je eigen NVM-makelaar mee te nemen.  TOELICHTINGSCLAUSULE NEN2580 De Meetinstructie is gebaseerd op de NEN2580. De Meetinstructie is bedoeld om een meer eenduidige manier van meten toe te passen voor het geven van een indicatie van de gebruiksoppervlakte. De Meetinstructie sluit verschillen in meetuitkomsten niet volledig uit, door bijvoorbeeld interpretatieverschillen, afrondingen of beperkingen bij het uitvoeren van de meting.  KOOPOVEREENKOMST PAS RECHTSGELDIG NA ONDERTEKENING Een mondelinge overeenstemming tussen de particuliere verkoper en de particuliere koper is niet rechtsgeldig. Met andere woorden: er is geen koop. Er is pas sprake van een rechtsgeldige koop als de particuliere verkoper en de particuliere koper de koopovereenkomst hebben ondertekend. Dit vloeit voort uit artikel 7:2 Burgerlijk Wetboek. Een bevestiging van de mondelinge overeenstemming per e-mail of een toegestuurd concept van de koopovereenkomst wordt overigens niet gezien als een 'ondertekende koopovereenkomst'  “Deze informatie is door ons met de nodige zorgvuldigheid samengesteld. Onzerzijds wordt echter geen enkele aansprakelijkheid aanvaard voor enige onvolledigheid, onjuistheid of anderszins, dan wel de gevolgen daarvan. Alle opgegeven maten en oppervlakten zijn indicatief.”";Paid until 09-11-2043;Completely insulated; Type of parking facilities Public parking; Location Alongside park, alongside a quiet road, alongside water, in residential district and unobstructed surrounding view Balcony/roof garden Balcony present;2024-03-24 16:41:45.374879;FALSE
43427832;Available;Jan Willem Frisostraat 37 a;3051;Hillegersberg Zuid;1927;275000;64;64;2;1;2;F;https://www.funda.nl/en/koop/rotterdam/appartement-43427832-jan-willem-frisostraat-37-a/;Gelegen in een  ruim  opgezette straat  in het  gezellige en geliefde “Kleiwegkwartier”,  prettig  ingedeeld 2-kamer beneden appartement  v.v. een ruime L-vormige  woon-/eetkamer, grote badkamer  en  slaapkamer alsmede een  heerlijke achtertuin  met  berging.  Het appartement is gelegen op loopafstand van winkelstraat “de Kleiweg” met een diversiteit aan winkels en horecagelegenheden en ook de Bergse Plassen, de Rotte en het Melanchtonpark zijn te voet bereikbaar. Voor het bereiken van het centrum van Rotterdam is er middels de tram en Station Noord een uitstekende verbinding. Het appartement dient intern op een aantal punten te worden gemoderniseerd waardoor er nog voldoende ruimte is om e.e.a. naar eigen hand te zetten.  Begane grond: entree, tochtportaal, hal met garderobe, trapkast en apart toilet. Ruime en lichte L-vormige woon-/eetkamer met openslaande deuren naar de op het noordoosten gelegen achtertuin met berging. Grote geheel betegelde badkamer v.v. douchehoek, wastafelmeubel en CV-opstelling. Gesloten keuken met een standaard keukenblok, bergkast en toegang tot de achtertuin. Ruime slaapkamer gelegen aan de straatzijde.  Opmerkingen: bouwjaar ca. 1927, 64m2 woonoppervlak, 7m2 externe bergruimte, energielabel F, elektrisch rolluik bij de slaapkamer, gelegen op eigen grond, er is geen roerende zakenlijst en vragenlijst aanwezig, in de koopovereenkomst zal een ‘as is where is’ clausule worden opgenomen alsmede een niet bewoners clausule en funderingsclausule, de VvE is in oprichting met een verwachte maandelijkse bijdrage van € 75,00, geheel v.v. kunststof kozijnen met dubbel glas, verwarming en warmwater middels CV-ketel, het transport dient plaats te vinden via Kooijman Autar te Rotterdam.  Oplevering: in overleg (kan snel);na;Double glazing; Type of parking facilities Paid parking and resident's parking permits; Location Alongside a quiet road and in residential district Garden Back garden Back garden50 m² (10 meter deep and 5 meter broad) Garden location Located at the northeast;2024-03-24 16:41:45.374879;FALSE
43427722;Beschikbaar;Platostraat 102;3076;Lombardijen;1961;440000;143;143;6;5;1;B;https://www.funda.nl/en/koop/rotterdam/huis-43427722-platostraat-102/;"Een unieke kans!!  Goed  onderhouden ruime  6 kamer  woning met zonnige tuin  op  het zuiden, energielabel B en 18 zonnepanelen  op  het dak.  Een leuke gezellige  en ruime  woning,  goed  afgewerkt,  tal van mogelijkheden, geschikt voor een groot gezin of kantoor aan huis en zelfs een garage voor motor of fietsen met een elektrisch rolluik. Een zonnige tuin met veranda. Is dit jullie woning? Voel je van harte welkom op Platostraat 102 in Rotterdam.  Op de begane grond aan de achterzijde van de woning is de woonkamer met veel lichtinval door de grote raampartijen. Aan de voorzijde van de woning is de keuken voorzien diverse inbouwapparatuur. Op de eerste verdieping zijn er drie slaapkamers en een nieuwe luxe en hele ruime badkamer. Op de tweede verdieping zijn er nog twee riante slaapkamers, er is dus echt veel ruimte in de woning. De gehele woning heeft laminaat als vloerafwerking.  Aan de achterzijde, op het zonnige zuiden is er een heerlijke tuin! Aan de achterzijde is er een schuur en een berging met een elektrisch rolluik waar een motor of fietsen in geplaatst kunnen worden. Ook tref je in de woning een gezellige veranda, zithoek aan waar je op de hete zomerdagen kan genieten in de schaduw.  Naast de prettige indeling van de woning, is ook de ligging perfect. Het treinstation Lombardijen is binnen enkele minuten lopen te bereiken, waardoor je snel in het centrum van Rotterdam bent. Ook de diverse uitvalswegen A15/A16 zijn binnen enkele minuten aan te rijden. Voor de dagelijkse boodschappen kan je terecht bij de winkels aan de Spinozaweg. Ook winkelcentrum Keizerwaard, woonboulevard Barendrecht, scholen, openbaar vervoer (bus en tram) en het Maasstad ziekenhuis bevinden zich op korte afstand. Voor recreatie en vermaak hoef je niet ver, want het centraal gelegen Spinozapark is in de buurt.  Ook de directe omgeving is door de gemeente aangelegd als park. Een mooie toevoeging op de reeds groene omgeving. Veel speelgelegenheid voor de kinderen.  Kom een kijkje nemen en verwonder je door de zee aan ruimte!  INDELING  Begane grond: - Hal | entree met toegang tot de verschillende vertrekken - Toiletruime met zwevend closet en fonteintje - Bergruimte | wasruimte - De woonkamer is gelegen aan de achterzijde van de woning - De keuken is gelegen aan de voorzijde van de woning en is voorzien van een aanrecht in hoekopstelling en voorzien van diverse inbouwapparatuur, vaatwasser, kookplaat, combi oven  Eerste verdieping: - Overloop met toegang tot de verschillende vertrekken; - Slaapkamer 1 is gelegen aan de voorzijde, voorzien van kastenwand - Slaapkamer 2 is gelegen aan de achterzijde - Slaapkamer 3 is tevens gelegen aan de achterzijde met balkon; - De ruime luxe badkamer is geheel betegeld en voorzien van een inloopdouche, wastafel, ligbad en toilet  Tweede verdieping: - Slaapkamer 4, deze kamer is voorzien van een dakkapel - Slaapkamer 5, deze kamer is voorzien van een dakkapel - Inloopkast/ bergruimte, kan geschikt gemaakt worden voor de wasmachine en droger  Vliering: - De vliering is ideaal voor het bergen van spullen, deze is bereikbaar middels een vlizotrap  Bijzonderheden: - Bouwjaar: ca. 1961 - Woonoppervlakte: van 143m²!! - 5 ruime slaapkamers - De woning is voorzien van een comfortabel energielabel B - Op het dak liggen maar liefst 18 zonnepanelen, installatiejaar 2023 - De woning is voorzien van dubbele beglazing - Verwarming en warmwater middels CV-combiketel (huur)  De oplevering van de woning is in overleg, indicatie oktober 2024.  Deze informatie is door ons met de nodige zorgvuldigheid samengesteld. Onzerzijds wordt echter geen enkele aansprakelijkheid aanvaard voor enige onvolledigheid, onjuistheid of anderszins, dan wel de gevolgen daarvan.   Koopovereenkomst pas rechtsgeldig na ondertekening: Een mondelinge overeenstemming tussen de particuliere verkoper en de particuliere koper is niet rechtsgeldig. Met andere woorden: er is geen koop. Er is pas sprake van een rechtsgeldige koop als de particuliere verkoper en de particuliere koper de koopovereenkomst hebben ondertekend.   Toelichtingsclausule NEN2580: De Meetinstructie is gebaseerd op de NEN2580. De Meetinstructie is bedoeld om een meer eenduidige manier van meten toe te passen voor het geven van een indicatie van de gebruiksoppervlakte. De Meetinstructie sluit verschillen in meetuitkomsten niet volledig uit, door bijvoorbeeld interpretatieverschillen, afrondingen of beperkingen bij het uitvoeren van de meting.  MAKELAAR: Libby Voormeulen";Volle eigendom;Dubbel glas, HR-glas en kierdichting; Soort garage Vrijstaande houten garage Capaciteit1 auto Voorzieningen Elektrische deur en elektra Isolatie Geen isolatie; Ligging Aan rustige weg, in woonwijk en open ligging Tuin Achtertuin en voortuin Achtertuin55 m² (11 meter diep en 5 meter breed) Ligging tuin Gelegen op het zuiden bereikbaar via achterom;2024-03-24 16:41:45.374879;FALSE
43426107;Available;Henegouwerlaan 69 A;3021;Middelland;1907;450000;138;138;4;4;3;B;https://www.funda.nl/en/koop/rotterdam/appartement-43426107-henegouwerlaan-69-a/;Dubbele benedenwoning op  unieke  stads locatie  van maar  liefst ca. 138 m².  De  ligging is perfect want  op nog geen 10  minuten lopen bevindt  zich  het centraal station  en het  stadscentrum.  Om  de hoek vindt u de West-Kruiskade met een diversiteit aan winkels, speciaalzaken, terrasjes en andere eetgelegenheden. Bovendien vindt u in de directe omgeving diverse supermarkten, basis-en middelbare scholen en sportfaciliteiten. Openbaar vervoer, de rijkswegen A13 en A20 en diverse parken zoals Vroesenpark, Museumpark en Heemraadspark liggen op een steenworp afstand.  Indeling:  Beletage: Entree/tochtportaal, gang met toilet en fonteintje. Doorzon woonkamer van 12 meter diep, totaal ca. 46 m² met open  keuken voorzien van inbouwapparatuur.  Souterrain: Overloop, toilet met fonteintje en bergkast voorzien van cv-ketel ('23). 1e badkamer voorzien van een inloopdouche, wastafel en aansluiting voor de wasmachine. Royale slaapkamer ca. 20 m² aan de achterzijde met openslaande deuren naar de achtertuin ca. 6.00 x 5.00. Slaapkamer aan de voorzijde van ca. 14 m² met toegang tot de 2e badkamer en is voorzien van een inloopdouche, dubbele wastafel en aansluiting voor de wasmachine. Slaapkamer van ca. 8 m²   Tuin: van ca. 6.00 x 5.00 (gelegen op het zuidwesten).  Algemeen: - Bouwjaar 1907 - Woonoppervlakte ca. 138 m² - Inhoud ca. 487 m³ - Verwarming en warm water middels cv-ketel Nefit 2023 - Dubbel glas met glas in loodramen aan de voorzijde voorzien van voorzet ramen - De Vereniging van Eigenaars is in oprichting en de bijdrage zal ca. € 100,- per maand gaan worden - Energielabel B - Gelegen op eigen grond - De woning wordt verkocht zonder vragenlijst en lijst van zaken - In de koopovereenkomst zal een funderings- en ouderdomsclausule worden opgenomen - Oplevering in overleg  Deze informatie is door ons met de nodige zorgvuldigheid samengesteld. Onzerzijds wordt echter geen enkele aansprakelijkheid aanvaard voor enige onvolledigheid, onjuistheid of anderszins, dan wel de gevolgen daarvan. Alle opgegeven maten oppervlakten zijn indicatief.  Alle verstrekte informatie moet beschouwd worden als een uitnodiging tot het doen van een bod of om in onderhandeling te treden. Er kunnen geen rechten worden ontleend aan deze woninginformatie.  Wij behartigen de belangen van de verkopende partij. Neem uw eigen NVM-aankoopmakelaar mee.;na;Double glazing and secondary glazing; Registration with  Kv K No Annual meeting No Periodic contribution No Reserve fund present No Maintenance plan No Building insurance No; Location In center and in residential district Garden Back garden Back garden30 m² (5,05 meter deep and 6 meter broad) Garden location Located at the southwest;2024-03-24 16:41:45.374879;FALSE
43426019;Beschikbaar;Beverwaardseweg 342;3077;Beverwaard;1986;300000;91;91;4;3;2;B            1,40;https://www.funda.nl/en/koop/rotterdam/huis-43426019-beverwaardseweg-342/;"OP ZOEK NAAR  EEN  BETAALBARE GEZINSWONING  MET ZONNIGE  ACHTERTUIN? Op een ideale  locatie  mogen wij nu de Beverwaardseweg 342 aanbieden  met  een vraagprijs van  € 300.000,- K.K..  Het betreft  een  tussenwoning  met  3 fijne slaapkamers, verdeeld over 3 woonlagen met een achtertuin op het zuiden. De woning is gelegen aan een doorgaande weg met achter de woning voldoende parkeergelegenheid. Creeër jij hier je eigen woonwensen?   De woning is gelegen aan de rand van Rotterdam-Beverwaard met vlakbij een skatepark, speeltuin, voetbalveld en heerlijke wandelpaden. Op fietsafstand is er een opstapplaats voor de watertaxi en is Winkelcentrum Keizerswaard te bereiken. Op korte afstand bevinden zich uitvalswegen met goede aansluiting op de A15/A16, openbaar vervoer met een tramhalte op loopafstand, winkels en de Jachthaven IJsselmonde. Wat wil je nog meer?  Maak jij hier jouw droomwoning van? Kom je mogelijkheden bekijken! Van harte welkom voor een bezichtiging!   Indeling:   Begane grond:  * Smalle strook voortuin voorzien van bestrating; toegang tot de woning.  * Woningentree; hal met meterkast; trapopgang naar de slaapverdieping.  * Toiletruimte voorzien van duoblok-toiletopstelling, fonteintje, gedeeltelijk betegeld en een kast met de opstelling van de C.V.-combiketel. * Open keukenruimte aan de voorzijde voorzien van tegelvloer, gedeeltelijk betegelde of behangwanden en een functionele keukenopstelling met een spoelbak en afzuigkap.  * Tuingerichte woonkamer voorzien van behangwanden, trapkast, open verbinding met de keukenruimte en deur naar de achtertuin.  * Achtertuin, gelegen op het zuiden, voorzien van bestrating, groenperkjes, stenen berging (ca. 6 m²) en achterom. Achtergevel is voorzien van een zonnescherm.   Eerste verdieping: * Overloop voorzien van tapijtvloer en toegang tot de verschillende vertrekken. * Slaapkamer I aan de voorzijde voorzien van tapijtvloer en behangwanden. * Badkamer, grotendeels betegeld en voorzien van inloopdouche, wastafel en tweede toilet. * Royale slaapkamer II aan de achterzijde voorzien van tapijtvloer en 2 dakramen.  Tweede verdieping: * Ruime open zolderkamer IV met een dakraam, knieschotten en de wasmachine-aansluiting.     Algemeen:   * De woning is gelegen op erfpachtgrond, waarvan de canon is afgekocht tot en met 31 maart 2036. * Energielabel B, geldig tot 22 november 2027. * De wijk Beverwaard valt NIET onder de opkoopbescherming. Kijk voor meer informatie op de website van de gemeente Rotterdam. * De woning is geheel voorzien van kunststof raamkozijnen met dubbele beglazing. * Centrale, heteluchtverwarming en warmwatervoorziening middels combiketel (Intergas, 2019). * Aan de foto-presentatie zijn een aantal artist impressions toegevoegd. Deze foto's geven een weergave van hoe het object er na een verbouwing uit kan komen te zien. * De notariële eigendomsoverdracht van deze woning dient plaats te vinden bij de daartoe aangewezen projectnotaris: NL Notariaat te Etten-Leur. * Aangezien het een verkoop uit de huur betreft worden er extra artikelen aan de koopovereenkomst toegevoegd. Een concept koopovereenkomst is bij ons op te vragen en wordt na aanvraag van een bezichtiging ook inzichtelijk gemaakt in Move.nl. * Voor een indicatie van de maatvoering verwijzen wij naar de plattegrond. * Gezien het bouwjaar van de woning wordt er in de koopovereenkomst een ouderdomsclausule opgenomen en een artikel dat verband houdt met het feit dat de woning een voormalige huurwoning betreft.   Gebruiksoppervlakten en inhoud:  * Wonen ca. 91 m² * Externe bergruimte ca. 6 m² * Inhoud ca. 337 m³ * Perceeloppervlakte 105 m²  Bouwjaar woning            : 1986 Oplevering                     : Kan spoedig";Eigendom belast met erfpacht (einddatum erfpacht:  31-03-2085);Dubbel glas; Soort parkeergelegenheid Openbaar parkeren; Ligging Aan drukke weg en in woonwijk Tuin Achtertuin en voortuin Achtertuin57 m² (11,45 meter diep en 5,02 meter breed) Ligging tuin Gelegen op het zuiden bereikbaar via achterom;2024-03-24 16:41:45.374879;FALSE
43425207;Available;Van Nideckstraat 30 A02;3039;Blijdorp;1933;389000;90;90;4;3;2;C;https://www.funda.nl/en/koop/rotterdam/appartement-43425207-van-nideckstraat-30-a02/;De leukste huizen  vind  je bij  Kettner Makelaars!   Wijk: Blijdorp Achter  fraaie  en typische 30ér jaren gevel  gelegen, uitstekend  onderhouden,  ruim en licht  bovenhuis  op de 2e  en halve  3e  etage. Maar liefst 3 ruime slaapkamers, zonnig terras op het westen én een balkon op het zuidoosten. Gelegen in een sfeervolle en  rustige straat om de hoek van het Vroesenpark , metrostation Blijdorp (Randstadrail) metro en op loop/fietsafstand van Centraal Station en het centrum. Woonoppervlakte ca. 90m2. Eigen grond.  Located behind a beautiful and typical 1930s facade, an excellently maintained, spacious and bright upper house on the 2nd and half 3rd floors. No fewer than 3 spacious bedrooms, a sunny west-facing terrace and a southeast-facing balcony. Located in an attractive and quiet street around the corner from the Vroesenpark, Blijdorp (Randstadrail) metro station and within walking/cycling distance of Central Station and the City center. Living area approx. 90m2. Own  ground.  Openbaar vervoer: Om de hoek van  Metrostation Blijdorp (Randstadrail), Centraal station op slechts 5 minuten fietsafstand, tram en bus op loopafstand. Voorzieningen: in directe nabijheid van winkels (centrum), musea en diverse gezellige cafeetjes en restaurantjes. Recreatie: Om de hoek van het Vroesenpark, diergaarde Blijdorp en allerlei sportvoorzieningen in de directe omgeving.  Indeling: Begane grond: Entree met gedeelde trapopgang naar de 2e etage.  2e etage: Entree, ruime hal met garderobe, meterkast en modern geheel betegeld toilet.  Royale lichte living ca. 6.75 x 4.50/3.20 met fraaie laminaatvloeren, grote raampartijen over de volle breedte met glas-in-lood detaillering, originele sierlijsten plafonds en twee ruime vaste kasten.  Moderne keuken ca. 2.95 x  2.60 met de volgende inbouwapparatuur: 4-pits gaskookplaat, RvS afzuigschouw, oven, magnetron, vaatwasser, koelkast en vrieskast. De keuken heeft een eetbar en beschikt aan weerzijden over veel kast-en-werkruimte Deur naar zonnig balkon op het zuidoosten.  Ruime slaapkamer I ca. 4.00 x  3.85 met 2 vaste bergkasten. Ensuite moderne geheel betegelde badkamer ca. 2.30 x 1.85  met ligbad, wastafelmeubel en opstelplaats voor wasmachine en droger.   Halve 3e etage: Lichte overloop met dakkoepel, vaste bergkast en stookruimte. Ruime slaapkamer II ca. 3.85 x 3.75 met grote maatwerk schuifkastenwand over de volle breedte en deur naar terras.  Slaapkamer III ca. 2.80  x 1.65 met deur naar terras.  Ruim en zonnig terras op het noordwesten (late middag en avond zon).  Bijzonderheden: In sfeervolle straat in het gewilde Blijdorp en aan achter zeer fraaie en karakteristieke gevel gelegen  typisch 30’er jaren bovenhuis op de 2e en halve 3e etage.  Uitstekend onderhouden en voorzien van 3 (ruime) slaapkamers, zonnig balkon en ruim terras.  Om de hoek van Metrostation Blijdorp, winkels en het Vroesenpark. Snelle ontsluiting naar uitvalswegen en op loop/fietsafstand van het centrum en Centraal station.  Verwarming en warm water middels c.v.-combiketel (2022). Elektrische installatie is vernieuwd. Goed geïsoleerd en nagenoeg geheel voorzien van dubbele beglazing. Energielabel C.  Actieve vereniging van eigenaars met reservefonds, meerjaren onderhoudsplan en opstalverzekering. De bijdrage is thans ca. €177,-  per maand. Dak vernieuwd in 2018.  Onderdeel van het beschermd stadsgezicht Blijdorp/Bergpolder.  Parkeren is openbaar en via een vergunning, kosten vergunning ca. € 11,- per maand.  Woonoppervlakte ca. 90 m2. Inhoud ca. 301 m3. Bouwjaar ca. 1933. Eigen grond.   Deze informatie is met zorg samengesteld, maar voor de juistheid ervan kan door Kettner Makelaars o.g. B.V. geen aansprakelijkheid worden aanvaard, noch kan aan de vermelde gegevens enig recht worden ontleend. Nadrukkelijk is vermeld dat deze informatieverstrekking niet als een aanbieding of offerte mag worden beschouwd.;na;Double glazing and floor insulation; Type of parking facilities Paid parking, public parking and resident's parking permits; Location Alongside park, alongside a quiet road, in center and in residential district Balcony/roof garden Roof terrace present and balcony present;2024-03-24 16:41:45.374879;FALSE
43425981;Available;Admiraal de Ruyterweg 46 BC;3031;Rubroek;1956;500000;128;128;5;4;4;C;https://www.funda.nl/en/koop/rotterdam/appartement-43425981-admiraal-de-ruyterweg-46-bc/;MODERN 5/6-KAMER APPARTEMENT  IN  HARTJE ROTTERDAM  MET GROOT  TERRAS, TWEE BALKONS EN  TWEE  BADKAMERS!  IDEALE LIGGING:  HARTJE ROTTERDAM Dit royale  appartement, gelegen in  het  hart van Rotterdam,  biedt een  unieke  combinatie  van comfort en gemak. Genesteld in de levendige omgeving van de Jonker Fransstraat en De Meent, hebben bewoners alle geneugten van het stadsleven binnen handbereik. Met nabijheid van snelwegen A13/A16/A20 en diverse openbaar vervoersopties is dit appartement uitstekend bereikbaar vanuit Den Haag, Dordrecht, Utrecht en andere steden.  RUIMTELIJK: 128 M2 BINNEN- EN 40 M2 BUITENRUIMTE! Dit appartement, ontstaan door het samenvoegen van twee eenheden, biedt eigentijds comfort met hoogwaardige kunststof kozijnen en dubbele beglazing. Overvloedig natuurlijk licht stroomt door de ruime woonkamer die naadloos overgaat in een en-suite eetkamer en leidt naar een groot terras van 35 m2 op het zuidoosten. Daarnaast bieden twee extra balkons en twee bergingen in de onderbouw extra functionaliteit en opslagruimte.  VOLLEDIG UITGERUST VOOR MODERN LEVEN Met een moderne keuken, compleet met inbouwapparatuur, geniet dit appartement van alle nodige voorzieningen. Het beschikt over twee ruime slaapkamers, elk met een 'en suite' doucheruimte, waarbij de master slaapkamer ook een eigen toilet heeft, wat een luxe kenmerk is. De keuken grenst aan het dakterras, ideaal voor ontbijt, lunch of diner met een vleugje vakantiegevoel dankzij de mediterrane tegels en het groen. Het dakterras zelf is een groene oase met bloeiende klimopplanten die voor privacy zorgen en een picknicktafel voor ontspanning midden in de stad. Een 'drip'-systeem maakt het bewateren van de planten eenvoudig. Bovendien is er een op maat gemaakte radiatoromkasting in de woonkamer, wat een uniek detail toevoegt aan de ruimte.  EXTRA'S DIE HET VERSCHIL MAKEN De plafonds zijn in 2022 geïsoleerd, en de trap is in 2021 vernieuwd, waardoor recente verbeteringen benadrukt worden. Voor tweeverdieners bieden de twee kantoortjes extra ruimte voor thuiswerken, terwijl gezinnen kunnen profiteren van de mogelijkheid om een van de grote slaapkamers in te richten als kinderkamer met eigen douche.  Dit luxe appartement belichaamt het beste van beide werelden: het biedt niet alleen een uitgelezen kans om te genieten van het dynamische stadsleven, maar ook een oase van comfort en moderniteit te midden van de bruisende stad. Met zijn ideale ligging, ruime ontwerp en moderne voorzieningen is dit appartement een unieke kans voor wie op zoek is naar een exclusieve woonsituatie in het hart van Rotterdam.  KENMERKEN: - Eigen grond - Energielabel C - Bouwjaar ca. 1956 - Woonoppervlakte ca. 128 m2 - Riant terras 40 m2 op het Zuidwesten en 2 balkons op de bovenverdieping - Alle badkamers + WC's zijn in 2019 volledig gerenoveerd - Geweldige ligging in het centrum van Rotterdam - Verwarming middels cv combiketel (2019) - Bijdrage VvE EUR 253,-- per maand - Ouderdomsclausule van toepassing - Oplevering in overleg  INTERESSE? MAAK DAN SNEL EEN AFSPRAAK!  Ons advies is om bij het kopen van uw nieuwe woning uw eigen NVM makelaar mee te nemen.   TOELICHTINGSCLAUSULE NEN2580  De Meetinstructie is gebaseerd op de NEN2580. De Meetinstructie is bedoeld om een meer eenduidige manier van meten toe te passen voor het geven van een indicatie van de gebruiksoppervlakte. De Meetinstructie sluit verschillen in meetuitkomsten niet volledig uit, door bijvoorbeeld interpretatieverschillen, afrondingen of beperkingen bij het uitvoeren van de meting.  KOOPOVEREENKOMST PAS RECHTSGELDIG NA ONDERTEKENING  Een mondelinge overeenstemming tussen de particuliere verkoper en de particuliere koper is niet rechtsgeldig. Met andere woorden: er is geen koop. Er is pas sprake van een rechtsgeldige koop als de particuliere verkoper en de particuliere koper de koopovereenkomst hebben ondertekend. Dit vloeit voort uit artikel 7:2 Burgerlijk Wetboek. Een bevestiging van de mondelinge overeenstemming per e-mail of een toegestuurd concept van de koopovereenkomst wordt overigens niet gezien als een 'ondertekende koopovereenkomst'  “Deze informatie is door ons met de nodige zorgvuldigheid samengesteld. Onzerzijds wordt echter geen enkele aansprakelijkheid aanvaard voor enige onvolledigheid, onjuistheid of anderszins, dan wel de gevolgen daarvan. Alle opgegeven maten en oppervlakten zijn indicatief.”;Full ownership;Double glazing; Type of parking facilities Paid parking and resident's parking permits; Location In center and in residential district Balcony/roof garden Roof terrace present and balcony present;2024-03-24 16:41:45.374879;FALSE
43425710;Available;Jan Willem Frisostraat 37 b;3051;Hillegersberg Zuid;1927;295000;82;82;3;2;2;E;https://www.funda.nl/en/koop/rotterdam/appartement-43425710-jan-willem-frisostraat-37-b/;Gelegen in een  ruim  opgezette straat  in het  gezellige en geliefde “Kleiwegkwartier”,  prettig  ingedeeld 3-kamer appartement gelegen op  de 1e  en  2e verdieping. Het  appartement  is v.v. een  ruime en  lichte  woon-/eetkamer van ca. 30m2, prima keuken en badkamer en 2 slaapkamers. Het appartement is gelegen op loopafstand van winkelstraat “de Kleiweg” met een diversiteit aan winkels en horecagelegenheden en ook de Bergse Plassen, de Rotte en het Melanchtonpark zijn te voet bereikbaar. Voor het bereiken van het centrum van Rotterdam is er middels de tram en Station Noord een uitstekende verbinding. Het appartement dient intern op een aantal punten te worden gemoderniseerd waardoor er nog voldoende ruimte is om e.e.a. naar eigen hand te zetten.  Begane grond: entree, hal met eigen trapopgang naar de 1e verdieping.  1e verdieping: overloop met garderobe, toilet en trapopgang naar de 2e verdieping. Gesloten keuken a/d achterzijde v.v. een L-vormige keukenopstelling met vaatwasser, kookplaat en afzuigschouw. Heerlijk ruime en lichte doorzonwoonkamer van ca. 30m2.  2e verdieping: overloop v.v. zowel een kast met de CV-opstelling als een aparte kast met de wasmachineaansluiting. Geheel betegelde badkamer a/d voorzijde v.v. een grote inloopdouche en wastafelmeubel. Ruime hoofdslaapkamer over de volle diepte van het appartement en aansluitend een 2e slaapkamer a/d achterzijde.  Opmerkingen: bouwjaar ca. 1927, 82m2 woonoppervlak, energielabel E, gelegen op eigen grond, er is geen roerende zakenlijst en vragenlijst aanwezig, in de koopovereenkomst zal een ‘as is where is’ clausule worden opgenomen alsmede een niet bewoners clausule en funderingsclausule, de VvE is in oprichting met een verwachte maandelijkse bijdrage van € 90,00, geheel v.v. kunststof kozijnen met dubbel glas, verwarming en warmwater middels CV-ketel (2023), het transport dient plaats te vinden via Kooijman Autar te Rotterdam.  Oplevering: in overleg (kan snel);na;Double glazing; Registration with  Kv K Yes Annual meeting Yes Periodic contribution Yes (€ 90.00 per month) Reserve fund present No Maintenance plan No Building insurance Yes; Location Alongside a quiet road and in residential district;2024-03-24 16:41:45.374879;FALSE
43425604;Available;Violenstraat 18 B;3051;Hillegersberg Zuid;1934;325000;67;67;3;2;2;C;https://www.funda.nl/en/koop/rotterdam/appartement-43425604-violenstraat-18-b/;INSTAPKLAAR 3-KAMER APPARTEMENT  OP  DE HOEK  MET VEEL  DAGLICHT, SFEERVOLLE ERKER IN  DE  WOONKAMER EN MODERNE KEUKEN  MET INBOUWAPPARATUUR (ENERGIELABEL C)!  DAT OOK NOG  EENS  OP EIGEN GROND  IN EEN  HET  GEWILDE  KLEIWEGKWARTIER IN HILLEGERSBERG!  Ben je op zoek naar het perfecte appartement op een geweldige locatie? Zoek niet verder! Dit hoekappartement aan de Violenstraat biedt alles wat je nodig hebt voor comfortabel wonen. Het appartement is in 2013 geheel verbouwd en in de loop der jaren goed onderhouden. Mede door de hoekligging heb je hier heel veel daglicht en kan je rustig comfortabel wonen op een centrale locatie.  VERKOPER AAN HET WOORD ''Vanaf het eerste binnenkomen heeft dit huis mij verrast. Het gevoel was zo goed en is altijd zo gebleven. Het is dan ook met pijn in mijn hart afscheid nemen van mijn geliefde plekje. De reden is een volgende levensfase en samenwonen in Brabant. Het hoge plafond in de keuken is mijn favoriete bijzonderheid. Verder alles op loopafstand, als je thuis komt van een drukke dag loop je binnen een paar minuten de supermarkt in. Ook te voet naar centrum Rotterdam is goed te doen. Het theetje en iets lekkers bij Sue is het uitje wat ik zeker ga missen! Ik gun de volgende bewo(on)st(er)(s) hetzelfde unieke gevoel en veel woonplezier''.   HOEKLIGGING EN TWEE SLAAPKAMERS Dit appartement heeft een unieke hoekligging, wat extra privacy en ruimte biedt en beschikt nog over de details van de jaren-30 bouw. Zo is er in de woonkamer een sfeervolle erker voor extra ruimte. Daarnaast komt er veel daglicht het appartement binnen en loop je vanuit de woonkamer zo door naar de open keuken met de nodige inbouwapparatuur. Heb je behoefte aan een thuiswerkruimte, logeer- of extra kastenkamer? Er zijn 2 slaapkamers aanwezig. Hierbij is de hoofdslaapkamer van ruim 15 m² zeer riant te noemen! Als kers op de taart heb je ook nog eens een eigen balkon en zijn alle kozijnen voorzien van dubbele beglazing!  De moderne badkamer is een oase van ontspanning, compleet met een ruime inloopdouche. Daglicht stroomt door de grote ramen en verlicht de hele ruimte, waardoor een heldere en uitnodigende sfeer ontstaat. De prachtige erker in de woonkamer voegt niet alleen karakter toe, maar biedt ook een gezellige plek om te zitten en te genieten van het uitzicht op de straat.  VOLLEDIG GERENOVEERD Dit appartement is in 2013 volledig gerenoveerd en turnkey opgeleverd aan de huidige bewoonster die er veel aandacht aan heeft besteed. Destijds zijn alle leidingen voor gas & water en de gehele elektrische bedrading vernieuwd. De vernieuwde elektriciteitsvoorzieningen zijn niet alleen gericht op veiligheid, maar ook op betrouwbaarheid. Nieuwe leidingen voor gas & water in combinatie met dakisolatie dragen bij aan de efficiëntie en energiezuinigheid van de woning. Dit betekent niet alleen lagere energiekosten, maar ook een heerlijk comfortabel binnenklimaat waar je elke dag van kunt genieten. Met deze uitgebreide renovatie is er een instapklaar appartement ontstaan. Het enige wat je nog hoeft te doen is je meubels verhuizen en je kunt direct genieten van het comfort en de luxe die dit appartement je kan bieden.  RUSTIGE STRAAT IN HET KLEIWEGKWARTIER Het Kleiwegkwartier in Hillegersberg is een aantrekkelijke wijk in Rotterdam. Hier vind je een diversiteit aan voorzieningen en een prachtige omgeving. De Kleiweg, de belangrijkste winkelstraat van de wijk, biedt een gevarieerd aanbod aan winkels, van boetiekjes tot supermarkten en speciaalzaken. Ook is er een ruime keuze aan gezellige cafés, restaurants en lunchrooms waar je kunt genieten van een hapje en een drankje.  Wat het Kleiwegkwartier extra aantrekkelijk maakt, is de goede bereikbaarheid met het openbaar vervoer. Tramlijnen 4 en 8 zorgen voor een snelle verbinding met het centrum van Rotterdam, waar je kunt genieten van de vele musea, winkels en uitgaansgelegenheden. Daarnaast zijn er diverse buslijnen die de wijk verbinden met andere delen van de stad en is station Noord op enkele minuten fietsafstand, waardoor je gemakkelijk de stad in- en uit kunt. Bijzonder aan deze locatie is de nabijheid van de Bergse Plassen. Deze prachtige waterpartijen vormen een oase van rust midden in de stad. Hier kun je heerlijk wandelen langs de oevers, genieten van het uitzicht, of zelfs een bootje huren om het water op te gaan. Vooral op zonnige dagen is dit een populaire plek voor bewoners om te ontspannen en te recreëren.  Kortom, het Kleiwegkwartier in Hillegersberg biedt alles voor een aangename en comfortabele leefomgeving. Met zijn diverse voorzieningen, goede bereikbaarheid met het openbaar vervoer en de prachtige omgeving van de Bergse Plassen, is het een plek waar het heerlijk wonen en verblijven is.  KENMERKEN - Eigen grond - bouwjaar 1934 - Volledig gerenoveerd in 2013 - Gas- en waterleidingen vernieuwd - Elektrische bedrading vernieuwd - Sfeervolle erker in de woonkamer - Hoekligging met veel daglicht - Volledig voorzien van dubbele beglazing  - Actieve VvE met een maandelijkse bijdrage van ca. € 70,- per maand - Energielabel C - Oplevering in overleg.  INTERESSE? MAAK DAN SNEL EEN AFSPRAAK!  Ons advies is om bij het kopen van uw nieuwe woning uw eigen NVM makelaar mee te nemen.   TOELICHTINGSCLAUSULE NEN2580  De Meetinstructie is gebaseerd op de NEN2580. De Meetinstructie is bedoeld om een meer eenduidige manier van meten toe te passen voor het geven van een indicatie van de gebruiksoppervlakte. De Meetinstructie sluit verschillen in meetuitkomsten niet volledig uit, door bijvoorbeeld interpretatieverschillen, afrondingen of beperkingen bij het uitvoeren van de meting.  KOOPOVEREENKOMST PAS RECHTSGELDIG NA ONDERTEKENING  Een mondelinge overeenstemming tussen de particuliere verkoper en de particuliere koper is niet rechtsgeldig. Met andere woorden: er is geen koop. Er is pas sprake van een rechtsgeldige koop als de particuliere verkoper en de particuliere koper de koopovereenkomst hebben ondertekend. Dit vloeit voort uit artikel 7:2 Burgerlijk Wetboek. Een bevestiging van de mondelinge overeenstemming per e-mail of een toegestuurd concept van de koopovereenkomst wordt overigens niet gezien als een 'ondertekende koopovereenkomst'  “Deze informatie is door ons met de nodige zorgvuldigheid samengesteld. Onzerzijds wordt echter geen enkele aansprakelijkheid aanvaard voor enige onvolledigheid, onjuistheid of anderszins, dan wel de gevolgen daarvan. Alle opgegeven maten en oppervlakten zijn indicatief.”;na;Roof insulation, double glazing and insulated walls; Registration with  Kv K Yes Annual meeting Yes Periodic contribution Yes (€ 70.00 per month) Reserve fund present Yes Maintenance plan No Building insurance Yes; Location In residential district and freestanding location Balcony/roof garden Balcony present;2024-03-24 16:41:45.374879;FALSE
43414396;Available;Sterremos 11;3069;Ommoord;1975;415000;136;136;5;4;2;B;https://www.funda.nl/en/koop/rotterdam/huis-43414396-sterremos-11/;"Royale 5-kamer tussenwoning  met  kunststof kozijnen,  aangebouwde bijkeuken,  dakkapel en een diepe,  groene  achtertuin gelegen op 157m2  eigen grond. De woning  dient gemoderniseerd dient  te  worden. Dit geeft  de nieuwe  eigenaar  de  mogelijkheid om het geheel naar eigen wens in te richten.  De woning is gelegen aan een autoluwe straat in een groene buurt met op enkele minuten lopen winkelcentrum en metrostation Hesseplaats. In de nabije omgeving liggen meerdere mooie recreatiegebieden als 'Het Wollefoppenpark', 'Hoge en Lage Bergse Bos', 'Zevenhuizerplas' en 'De Rottemeren'. Tevens is Kinderboerderij de “Blijde Wei"" dichtbij gelegen en zijn diverse scholen, openbaar vervoer (metro, bushalte), NS-station Alexander en diverse uitvalswegen in de buurt te vinden.  Indeling Begane grond: Via de ruime voortuin kom je de woning binnen in de hal met garderobe, toilet met fontein, trapopgang naar de eerste etage en toegang tot de woonkamer. De royale woonkamer is verdeeld in een zitgedeelte aan de voorzijde van de woning en een eetgedeelte met uitzicht op de tuin. De woonkamer heeft een openhaard voor extra warmte en gezelligheid. In totaal is de woonkamer ca. 33m2.  De keuken is eenvoudig uitgevoerd met losse apparatuur, en biedt plek voor een kleine keukentafel aan het grote raam. Vanuit de keuken is er toegang tot de bijkeuken. De eetkamer en de bijkeuken hebben een deur naar de achtertuin.   De diepe achtertuin op het noordwesten is voorzien van een beschut gelegen terras, en is verder heerlijk groen door de diverse planten en bomen. Hierdoor heeft de tuin veel privacy. Er zijn houten schuttingen en een achterom.   1e etage: Op de eerste etage bevinden zich drie slaapkamers en de badkamer.  De hoofdslaapkamer is 17m2 en ligt aan de achterzijde van de woning. De naastgelegen slaapkamer is 7m2. De slaapkamer aan de voorzijde is 13m2.  De badkamer is voorzien van een inloopdouche met een glazen wand, een tweede toilet en een wastafel met spiegelkast en spots.   2e etage: Op de voorzolder bevindt zich de aansluiting voor de wasmachine en de opstelplaats van de CV-ketel (2023) en de mechanische ventilatie. De vierde slaapkamer is 18m2 en heeft een dakkapel en bergruimte in de knieschotten. Deze kamer heeft een nokhoogte van 3,21m!  Bijzonderheden: De woning is voorzien van kunststof kozijnen met dubbel glas; De uitvoering is gedateerd en dient gemoderniseerd te worden; Bouwjaar CV-ketel 2023; Voor deze woning is een niet-bewoners clausule van toepassing; omdat de woning wordt verkocht door de erfgenaam  zal in de koopakte een beperking van de aansprakelijkheid van de verkoper worden opgenomen omdat zij koper niet heeft kunnen informeren over de eigenschappen cq gebreken aan het verkochte, waarvan zij op de hoogte zou zijn geweest als zij het verkochte zelf feitelijk had gebruikt. Oplevering in overleg.";Full ownership;Double glazing and energy efficient window;na; Location Alongside a quiet road and in residential district Garden Back garden and front garden Back garden56 m² (9 meter deep and 6,25 meter broad) Garden location Located at the northwest accessible via the rear;2024-03-24 16:41:45.374879;FALSE
43414692;Available;Schiekade 27 C;3033;Provenierswijk;1981;420000;121;121;3;2;2;C;https://www.funda.nl/en/koop/rotterdam/appartement-43414692-schiekade-27-c/;Enorm ruim 3-kamerappartement  op  een ideale  locatie! Dit  appartement was vanuit de  bouw  bedoeld als twee aparte woonruimtes, maar de  huidige  eigenaar heeft direct  met de bouw  gezorgd dat  dit  één  ruim  appartement werd. En dit is een goede keuze geweest, want wat een ruimte!! Een woonkamer van ca. 43 m2, ruim opgezette hal, twee ruime slaapkamers, een hoop mogelijkheden voor de badkamer en twee balkons op het oosten en westen! Aan de achterzijde kun je op het balkon genieten van de groene oase in de achtertuin van het complex en onttrek je je volledig van de stadse drukte. Dit appartement heeft de potentie om een prachtig luxe appartement te worden, wat eveneens ideaal is om toekomstbestendig te gaan wonen!  De vraagprijs is inclusief 1 parkeerplaats. De 2e parkeerplaats wordt separaat aangeboden voor € 20.000 k.k. parkeerplaats  Locatie: Het appartement is gelegen in de Provenierswijk, een wijk met vele vooroorlogse singels en statige herenhuizen. Je kunt hier prachtig wandelen, maar je zit hier tevens aan het randje van het bruisende centrum van Rotterdam. Je kunt lopend de stad in of naar het centraal station. Een zeer centrale locatie, met alle stadse voorzieningen binnen handbereik! Je hebt hier de beschikking over een breed scala aan food, fashion en design aan bijvoorbeeld de Proveniersstraat met verschillende leuke horecagelegenheden, de Hofbogen met verschillende restaurantjes en in het centrum van Rotterdam kun je uiteraard naar hartelust shoppen. Toch de stad uit? Dan begeef je je met 5 minuten op de A13 of A20 richting Den Haag of Utrecht.   Opkoopbescherming: In deze wijk is geen opkoopbescherming van toepassing. Deze woning valt dus eventueel ook aan te kopen als investering. Kijk voor meer informatie op de website van Rotterdam rotterdam.nl/wonen-leven/opkoopbescherming/  Indeling: Entree van het complex met brievenbussen en bellentableau. Eenmaal binnen heeft u de beschikking over een lift of de trap naar de eerste verdieping.   Entree in het appartement, ruim opgezette hal. Aan de voorzijde van het appartement een zeer ruime woonkamer en balkon aan de voorzijde. Via de woonkamer is de half open keuken te bereiken.  Lopende naar de achterkant van het appartement bevinden zich aan weerszijde verschillende bergruimten/(meter)kast(en), twee separate toiletten (v.v. fonteintje) en badkamer. De badkamer is voorzien van douche, wastafel en wasmachine aansluiting. Aan de achterzijde treft u de twee ruim opgezette slaapkamers. De grootste slaapkamer beschikt over een inloopkast en airco. Beide slaapkamers verschaffen toegang tot het tweede balkon met zicht op de mooie groene binnentuin.   Het geheel wordt compleet gemaakt met 2 bergingen in de onderbouw en 2 parkeerplaatsen (waarvan 1 apart wordt aangeboden).  Bijzonderheden: - Bouwjaar: 1981 - Zeer ruim! ca. 121 m2 - Het appartement heeft twee kadastrale nummers (opsplitsen in 2 appartementen helaas niet meer mogelijk op basis van de regelgeving van de gemeente) - Het appartement heeft twee bergingen - VVE voor de woningen is actief, bijdrage is € 261 per maand en € 266 aan voorschot stookkosten - De vraagprijs is inclusief 1 parkeerplaats. De 2e parkeerplaats wordt separaat aangeboden voor € 20.000 k.k. parkeerplaats - De VvE voor het parkeerterrein heeft een maandelijkse bijdrage van € 17,50 per parkeerplaats - In de koopovereenkomst wordt een ouderdomsclausule, asbestclausule en een niet-feitelijk-bewoond clausule opgenomen - De woning wordt verkocht zonder vragenlijst of lijst van zaken - Oplevering in overleg, kan snel  De Meetinstructie is gebaseerd op de NEN2580. De Meetinstructie is bedoeld om een meer eenduidige manier van meten toe te passen voor het geven van een indicatie van de gebruiksoppervlakte. De Meetinstructie sluit verschillen in meetuitkomsten niet volledig uit, door bijvoorbeeld interpretatieverschillen, afrondingen of beperkingen bij het uitvoeren van de meting.  Bovenstaande presentatie is niet meer dan een uitnodiging tot het doen van een bod, er kunnen geen rechten of verplichtingen aan worden ontleend.  Voorberg NVM makelaars behartigt de belangen van de verkopende partij, schakel uw eigen NVM aankoopmakelaar in.;na;Double glazing; Type of garage Parking place; Location Alongside busy road, in center and in residential district Balcony/roof garden Balcony present;2024-03-24 16:41:45.374879;FALSE
